time,theta1,theta2,theta3
0.0,1.5707963267948966,0.0,0.0
0.08016032064128256,1.374457759069898,0.8218292056789392,-1.2807963978985275
0.16032064128256512,1.2688499354810125,1.3135826944637992,-1.8315976957186615
0.24048096192384769,1.2192003471232562,1.3425205417722226,-1.7622344129253416
0.32064128256513025,1.2085290586967532,1.1111909613943298,-1.2736535256308292
0.4008016032064128,1.2363705547831063,0.9409760883374388,-0.8431077778465315
0.48096192384769537,1.2828715564046063,1.0081568743262017,-0.9826061911147199
0.561122244488978,1.338475176277215,1.0576073911429782,-1.0815201140836612
0.6412825651302605,1.3712536477409127,1.0086091223850222,-0.8651301005918883
0.721442885771543,1.3793436287282101,0.9582677668610784,-0.6215019059218383
0.8016032064128256,1.3701975059496658,0.9952099518675581,-0.6821045284327399
0.8817635270541082,1.3513377912603513,1.0272662267699135,-0.8374517759239656
0.9619238476953907,1.3250043716414357,1.024821193259491,-0.9630158525867651
1.0420841683366733,1.2925627963614619,1.0279048037820926,-1.0829637075184952
1.122244488977956,1.257384461887589,1.0562856107488545,-1.181466733850069
1.2024048096192383,1.2304028082847585,1.091042311905623,-1.2132946701473675
1.282565130260521,1.225540391771309,1.1020688596416668,-1.162955733678505
1.3627254509018036,1.2487481203484856,1.0790674186739682,-1.0587653003206
1.442885771543086,1.2927687473275558,1.0378680425185873,-0.9521280262405991
1.5230460921843687,1.3394917274002824,1.0022404178400937,-0.8739960266127182
1.6032064128256511,1.3695954127834424,0.9851757892673674,-0.8181569338704507
1.6833667334669338,1.3736176154343747,0.9883511404689226,-0.7820863217085944
1.7635270541082164,1.3556427704003415,1.0064749637154025,-0.7900853176985301
1.8436873747494988,1.3279488140123126,1.0276770114055964,-0.8608831973813748
1.9238476953907815,1.3017845752317088,1.0407588552545943,-0.9785731599326047
2.004008016032064,1.2806184287206193,1.0474216286076528,-1.0999264099035095
2.0841683366733466,1.2624201831302448,1.058636770901636,-1.1760948225812058
2.164328657314629,1.2490829648730062,1.0741525423396385,-1.1749787605703002
2.244488977955912,1.2488635915195143,1.078527585649431,-1.0997985748628396
2.3246492985971945,1.2683202146692185,1.0625139176305596,-0.9937826378032999
2.4048096192384767,1.303897927892257,1.034228357181623,-0.9105577929340029
2.4849699398797593,1.3410834945202745,1.0073480490452666,-0.8651109417255982
2.565130260521042,1.3630447636490814,0.9923485316462901,-0.8396488596488896
2.6452905811623246,1.361586082705937,0.9953581384718776,-0.8298342345617985
2.7254509018036073,1.3411835978231517,1.0133429172821302,-0.8520550098275652
2.8056112224448895,1.3139124890980127,1.0344608630437913,-0.9166972896367933
2.885771543086172,1.290486148279475,1.0481860375161178,-1.0101278469992823
2.9659318637274548,1.2745967026762568,1.0545066674011623,-1.0987951554411113
3.0460921843687374,1.2647830052016285,1.0601790561971858,-1.1450140337406356
3.12625250501002,1.2610924379035562,1.0655414043320837,-1.1262248081651702
3.2064128256513023,1.2673533887874566,1.0626547276564957,-1.0509979120791517
3.286573146292585,1.2864388916625942,1.0481107939437664,-0.9598886613520897
3.3667334669338675,1.314476291756744,1.0280315522210821,-0.8952385244139971
3.44689378757515,1.34052793272807,1.0102666236125197,-0.8649968807702318
3.527054108216433,1.3530986023242146,1.0013822110080657,-0.8558090150117141
3.6072144288577155,1.3475393518187107,1.0058199629228215,-0.8648678501574866
3.6873747494989977,1.3283177093690495,1.0210478873278996,-0.8996613539403293
3.7675350701402803,1.3049306809974381,1.0383076491916048,-0.9606130583868534
3.847695390781563,1.2855349250660093,1.0503707999790786,-1.0329399081376942
3.9278557114228456,1.2734172359292124,1.0566381518006263,-1.0910371153807867
4.008016032064128,1.2684676871149352,1.0597041407892929,-1.1099319012745053
4.0881763527054105,1.2707595888915455,1.0589803787510432,-1.0791005235668012
4.168336673346693,1.281414914224171,1.051527863891656,-1.0120362252695716
4.248496993987976,1.2999505233261524,1.038123747891425,-0.9411753297818042
4.328657314629258,1.321553600647092,1.023615226135156,-0.8935134053171031
4.408817635270541,1.338153192570943,1.0127805792711115,-0.8731319017158082
4.488977955911824,1.34298891124521,1.0094872303030116,-0.8737923072988096
4.569138276553106,1.3346904658030738,1.0155082251510814,-0.89434210961628
4.649298597194389,1.3176551533135392,1.0280027826218712,-0.9354073519706505
4.729458917835671,1.2988178113257105,1.041145755185079,-0.9904920225304237
4.809619238476953,1.2837911265246984,1.0507291331874746,-1.044261330268766
4.889779559118236,1.2752101450542692,1.0559466390913594,-1.0776213812431885
4.969939879759519,1.2737432431844973,1.0569701144150854,-1.0763806319417006
5.050100200400801,1.2795477928588868,1.0529480938923073,-1.0398021936481485
5.130260521042084,1.2921205084003609,1.0437466219969223,-0.9835489065221682
5.210420841683367,1.30891603316324,1.0319843258698627,-0.9310236305612086
5.290581162324649,1.3248757031288771,1.021585163591347,-0.8976700930072485
5.370741482965932,1.3342725557044155,1.0157281049663944,-0.8859031811523631
5.4509018036072145,1.333759658775357,1.0163525565789313,-0.8937788064581076
5.531062124248497,1.3241230667632067,1.0232199300046445,-0.9202739700935969
5.611222444889779,1.3094779511512618,1.0334200619658565,-0.961731770011366
5.691382765531062,1.2948067988264111,1.0432254626618664,-1.0083383741653964
5.771543086172344,1.2838476221533353,1.050321214952027,-1.0457921014309899
5.851703406813627,1.2785910020052969,1.0538200615780289,-1.0606410746901083
5.9318637274549095,1.2798414596884464,1.0530019178867354,-1.0468189813633348
6.012024048096192,1.2875122639804484,1.0474201689024787,-1.0096977229845727
6.092184368737475,1.3000980259086785,1.0383040564745665,-0.9642868704132014
6.1723446893787575,1.3142041681567247,1.0286270043397374,-0.9264360842099053
6.25250501002004,1.3252604865442328,1.0215292168837085,-0.9046687467750862
6.332665330661323,1.3294849067415266,1.0191362819313607,-0.9006284728827658
6.4128256513026045,1.3257455298141905,1.0220484697000134,-0.9138495357294273
6.492985971943887,1.3159217557533076,1.0289586644573485,-0.942390578239073
6.57314629258517,1.3036457286458591,1.037245631497286,-0.9802611683726894
6.6533066132264524,1.2925183433995018,1.0445108450822636,-1.0169469672762013
6.733466933867735,1.2850641721506944,1.0493888818950872,-1.0404861887256491
6.813627254509018,1.2827012088900618,1.0510368402550352,-1.0424300199139447
6.8937875751503,1.285970582292305,1.0487514553838564,-1.0222051886646086
6.973947895791583,1.2943375134462294,1.042696231167137,-0.9879490272287149
7.054108216432866,1.3057472627217617,1.0346072907685473,-0.9523689934155601
7.134268537074148,1.3167598592061955,1.027169896314745,-0.9258783692515149
7.214428857715431,1.323723560341311,1.022772127909932,-0.9132719359312271
7.294589178356713,1.3244191401034922,1.0226939710772776,-0.9156153963945203
7.374749498997995,1.3190321460457561,1.0266853653538597,-0.9322839025453048
7.454909819639278,1.309810952031119,1.033078411627156,-0.9601259481645299
7.535070140280561,1.2998014237950217,1.03972427887841,-0.9922111947017355
7.615230460921843,1.2916393116529514,1.0450130181296018,-1.0188997029790618
7.695390781563126,1.28706771699684,1.0480134283876767,-1.0312271313759398
7.775551102204409,1.2870097166524301,1.0480539677092613,-1.0249025018150897
7.855711422845691,1.291581771616137,1.0448125940607549,-1.00264236177767
7.935871743486974,1.2998012037492879,1.0389588701735428,-0.9730313834445226
8.016032064128256,1.3094105020126252,1.0322878925964682,-0.945976608924068
8.09619238476954,1.3173856919015536,1.0269813659695453,-0.9282750243436403
8.176352705410821,1.3211147661427634,1.0247178936696988,-0.9227524727918115
8.256513026052104,1.3195566880507132,1.0260840728847485,-0.929817020416197
8.336673346693386,1.3135974370316674,1.0303663800833873,-0.9480359567977361
8.41683366733467,1.305436471775914,1.035947022121526,-0.9733158204718704
8.496993987975952,1.2975358491948943,1.0411550059317123,-0.9987589571913981
8.577154308617233,1.2918415854233014,1.0448422150379262,-1.0164137602753873
8.657314629258517,1.2895550992988738,1.0463170186639503,-1.0203237595570005
8.737474949899799,1.2911651669547546,1.045162537506731,-1.0093216882544598
8.817635270541082,1.2963622075803265,1.0414809502796383,-0.9877595006814942
8.897795591182364,1.3038528617336238,1.0362325201314988,-0.9633804166056374
8.977955911823647,1.3114529942996094,1.031050926244136,-0.9435366844679253
9.05811623246493,1.3167493061566344,1.0275935377188135,-0.9326884149401659
9.138276553106213,1.3180788851788912,1.0269130601614478,-0.9324581531411494
9.218436873747494,1.315215325529273,1.0290833137065485,-0.9425280458822628
9.298597194388778,1.309355575532448,1.0331994919238416,-0.9606427667730815
9.37875751503006,1.3024619621349676,1.037860850875295,-0.9822491411787855
9.458917835671341,1.2964711131115505,1.0417987599673955,-1.0011192758923977
9.539078156312625,1.2928073897939572,1.044164627968991,-1.011268586066247
9.619238476953907,1.2922547926642585,1.0444630865784472,-1.0093519427069118
9.69939879759519,1.2949324767962764,1.0425488566033332,-0.996298173633116
9.779559118236472,1.3001915347623971,1.0388492814288277,-0.976950758177321
9.859719438877756,1.3066060560830193,1.0344191763277972,-0.9577074807139867
9.939879759519037,1.312249898691669,1.0306341071013851,-0.9438605760254084
10.02004008016032,1.3179049031668888,1.0169051399414195,-0.9235998057153736
10.100200400801603,1.375760765950667,0.8236345991051693,-0.762441179331642
10.180360721442886,1.4596515294694403,0.6657886239807388,-0.8862184121974882
10.260521042084168,1.4812208557821218,0.6670100274900836,-1.0994690214031855
10.34068136272545,1.4248737659584463,0.7543974086932609,-1.0344960822746827
10.420841683366733,1.3560264651278837,0.8102605733339676,-0.7644997485719107
10.501002004008015,1.3392587383550878,0.8478507044441506,-0.7612594727781021
10.581162324649299,1.3844417689895383,0.8156078707275237,-0.9583589006672003
10.66132264529058,1.4375202764494894,0.7266477880624239,-1.0346004944898954
10.741482965931864,1.4402796470829888,0.7082786243822761,-0.9570720998061131
10.821643286573146,1.4053699053492903,0.761693325742304,-0.8299293632668946
10.901803607214429,1.3833847001079589,0.8117296744961432,-0.794861289736676
10.98196392785571,1.3962947698165773,0.8060817351065868,-0.8614101104742885
11.062124248496994,1.4247954063314383,0.7556143488175425,-0.9327110066160177
11.142284569138276,1.4330621192779507,0.729358625000359,-0.9544114387586121
11.222444889779558,1.4111086215783915,0.7543822768502015,-0.92108135075906
11.302605210420841,1.3836951402874167,0.7920547123336039,-0.8743492261142941
11.382765531062123,1.376742327623878,0.8059705885201432,-0.8770873745643825
11.462925851703407,1.3926805283086359,0.7870386807866934,-0.9203433914987074
11.543086172344688,1.4123768983541758,0.7580005879065955,-0.9448412606314673
11.623246492985972,1.4173076529894246,0.7506181472014203,-0.9231905882753861
11.703406813627254,1.4091602994677075,0.7656226395021973,-0.8785981667148611
11.783567134268537,1.402724246819122,0.7810208531243547,-0.8581836534182359
11.863727454909819,1.406393037652803,0.7799587753970242,-0.8775455963929397
11.943887775551103,1.4145040726167268,0.7656378879544959,-0.9082845876679637
12.024048096192384,1.4155340463468649,0.7574825817799178,-0.9214710172723113
12.104208416833666,1.4061646429117933,0.7655720160574078,-0.9127320485884995
12.18436873747495,1.394730754021781,0.7799244074773388,-0.8994510597084522
12.264529058116231,1.3911046411300065,0.7860140106932129,-0.9004338945604115
12.344689378757515,1.396877234110416,0.7794202546380267,-0.9128313152288652
12.424849699398797,1.4053709965781762,0.7683914049732988,-0.9185951624948626
12.50501002004008,1.4095981689579224,0.7638979409472568,-0.9083200866729492
12.585170340681362,1.4089824310620198,0.7675356331587808,-0.8906278039208876
12.665330661322646,1.4077706890985597,0.7723955711032986,-0.8818058719168376
12.745490981963927,1.4088051756343123,0.7723677349039271,-0.8880051318851793
12.825651302605209,1.410452082371943,0.7684179016956549,-0.9007614198215612
12.905811623246493,1.409214255284023,0.7665780497914711,-0.9088622248397472
12.985971943887774,1.4043537313156926,0.7700841161365755,-0.9090072156220679
13.066132264529058,1.3990584240233983,0.7757703609671135,-0.9062534863666248
13.14629258517034,1.397157358647661,0.7783353513054113,-0.906512368718568
13.226452905811623,1.3995033928146625,0.7759140449283021,-0.9092471377678748
13.306613226452905,1.4037165919221715,0.7713182283241227,-0.9090765661630403
13.386773547094188,1.4069158932056085,0.7685724289055174,-0.9032380412871958
13.46693386773547,1.4082213774230385,0.7688132851305277,-0.8952149520828675
13.547094188376754,1.4085690760680718,0.7700822851194277,-0.8910863089597416
13.627254509018035,1.4087945749754087,0.7702865876771029,-0.8934015109376177
13.707414829659317,1.4085035190494255,0.7695655674393159,-0.8993953432816069
13.7875751503006,1.4068235182406295,0.7696992103212257,-0.9045946152631927
13.867735470941883,1.4038660417901678,0.7716051000187025,-0.9068894246503896
13.947895791583166,1.40106831683587,0.7741033712771759,-0.9072478358764405
14.028056112224448,1.4000344161183318,0.7752184849136348,-0.9073499384897168
14.108216432865731,1.4011944734228796,0.7741785494199609,-0.9071946016473548
14.188376753507013,1.4036182590432433,0.7719806751051388,-0.9054266525570659
14.268537074148297,1.40596930627746,0.7702208000690826,-0.9016117693242334
14.348697394789578,1.4074959313991018,0.7696196558222078,-0.897411182366288
14.428857715430862,1.4081679693179492,0.7697540292463618,-0.8953037508851943
14.509018036072144,1.4081455322503214,0.7699584288766138,-0.89640134879221
14.589178356713425,1.4073912250538658,0.770170010133966,-0.8996944418759992
14.669338677354709,1.4058504843280644,0.7708127270451358,-0.9032127100269481
14.74949899799599,1.4038608091128004,0.7720299445526264,-0.9056006734127438
14.829659318637274,1.4021968281918855,0.7732845542385763,-0.9066530061811651
14.909819639278556,1.4016123023318916,0.7737918051819472,-0.9066951776291693
14.98997995991984,1.4023209185498025,0.7732342155662464,-0.9058218187501452
15.070140280561121,1.4038939904842043,0.7720075171480213,-0.9039043070556466
15.150300601202405,1.4056143545396056,0.7708229718369641,-0.9012134044594928
15.230460921843687,1.4069128132783353,0.7701385768902973,-0.8987127601831615
15.31062124248497,1.407533809603278,0.7699712161138768,-0.8975469126314749
15.390781563126252,1.4074367603129214,0.7701391609659722,-0.898226389928865
15.470941883767534,1.4066759014529422,0.7705535611861484,-0.9003059338512325
15.551102204408817,1.4054162833133488,0.7712292829505094,-0.9027824090234844
15.631262525050099,1.404006916611625,0.7720765957612429,-0.9047521113645589
15.711422845691382,1.402930946666173,0.7727946254893089,-0.9057692451826959
15.791583166332664,1.4025922733141074,0.7730352779136882,-0.9057678243933613
15.871743486973948,1.4030946582014496,0.7726707125500737,-0.9048408276488443
15.95190380761523,1.4041965461571126,0.7718914146798117,-0.9031895682460125
16.03206412825651,1.4054588841132325,0.7710634257246075,-0.9012307812601715
16.112224448897795,1.4064629743750212,0.7704893807418944,-0.8996028836680985
16.19238476953908,1.406947871737536,0.7702845354613962,-0.8989165202730093
16.27254509018036,1.406832404259922,0.7704199448303389,-0.8994199447216077
16.352705410821642,1.406185482787958,0.7708203250279038,-0.9008608596838178
16.432865731462925,1.4052031000306635,0.7713955906090374,-0.9026466119071046
16.51302605210421,1.404182743558524,0.772006765223254,-0.9041533375597914
16.59318637274549,1.4034525250334369,0.7724590495700684,-0.9049634384496816
16.673346693386772,1.4032539296322122,0.7725768286672213,-0.9049291803907379
16.753507014028056,1.4036376738701781,0.7723088546907017,-0.9041284477145357
16.83366733466934,1.4044418242712557,0.7717700108854861,-0.902812554560016
16.91382765531062,1.4053705471036229,0.7711775442520293,-0.9013713868665683
16.993987975951903,1.4061182767723541,0.7707381994126253,-0.9002571448991692
17.074148296593187,1.4064722459254493,0.7705672892208981,-0.89983727573494
17.154308617234467,1.4063585013832396,0.7706777794915479,-0.9002387697133258
17.23446893787575,1.405840359406829,0.771011129642784,-0.9012888854361605
17.314629258517034,1.4050904923662255,0.771466033655776,-0.9025949925709628
17.394789579158317,1.404344966429205,0.7719128111231728,-0.9037137031690955
17.474949899799597,1.40383746228527,0.7722145375354834,-0.9043128982419444
17.55511022044088,1.4037232362730208,0.7722709339260234,-0.9042568154665351
17.635270541082164,1.4040244414370375,0.7720642643102922,-0.9036097051245462
17.715430861723448,1.4046225706208473,0.771674327824714,-0.902595299251428
17.795591182364728,1.405307150161119,0.7712445310265013,-0.9015322324277925
17.87575150300601,1.4058550685869733,0.7709199371149453,-0.9007497128248354
17.955911823647295,1.4061047638534763,0.7707935944642279,-0.9004886612776274
18.036072144288575,1.4060001402812592,0.7708847382794654,-0.9008159375936771
18.11623246492986,1.4055950746901011,0.7711482934490761,-0.9015998141036988
18.196392785571142,1.4050290058987975,0.7714968251977419,-0.9025613666791049
18.276553106212425,1.404483144012849,0.7718242540188504,-0.9033809978010491
18.356713426853705,1.4041262229416887,0.7720317578658759,-0.9038102711836808
18.43687374749499,1.4040631259951029,0.7720563269059849,-0.9037435399734928
18.517034068136272,1.404301321410184,0.7718943664183903,-0.9032343100220812
18.597194388777556,1.4047501740282802,0.7716057612615322,-0.9024637293126776
18.677354709418836,1.4052552274312609,0.771291704109156,-0.9016799686615773
18.75751503006012,1.4056532615197468,0.7710557529438217,-0.9011249098526458
18.837675350701403,1.4058259464531249,0.7709672791914635,-0.9009627960498842
18.917835671342683,1.4057335655142484,0.7710424822369721,-0.9012290689025135
18.997995991983966,1.405420525271421,0.7712464877263152,-0.901819998131075
19.07815631262525,1.4049955611121587,0.7715096620968283,-0.9025304891699439
19.158316633266534,1.4045957674908573,0.7717495562624395,-0.9031273861770541
19.238476953907814,1.4043440810590369,0.7718939488120693,-0.9034289491103471
19.318637274549097,1.404312356297753,0.7719013866000163,-0.9033595114056191
19.39879759519038,1.4045005160907384,0.7717742385183414,-0.902963550014233
19.478957915831664,1.4048383637327218,0.7715586187524098,-0.9023824827396526
19.559118236472944,1.4052111193487602,0.7713282465232435,-0.9018053012361319
19.639278557114228,1.4054990603211472,0.7711579576232658,-0.9014101425018567
19.71943887775551,1.405616334471919,0.7710982166332794,-0.9013118614840245
19.79959919839679,1.4055369272873448,0.7711599778466377,-0.9015269076374087
19.879759519038075,1.405296454640144,0.7713163868679419,-0.9019737209776039
19.95991983967936,1.404978613980855,0.7715135833105575,-0.9024991369198362
20.04008016032064,1.4052318600456273,0.7962580339582437,-0.964758313535797
20.12024048096192,1.4153482882127673,0.8733356028032105,-1.1494729512434634
20.200400801603205,1.428268416330672,0.8734855293767314,-1.0462069033686587
20.28056112224449,1.4488253591473177,0.8320728232416182,-0.8495027683401019
20.360721442885772,1.4864567151829402,0.8234167404702043,-0.926905246928807
20.440881763527052,1.5159290093840143,0.8000620035397543,-1.0209149412738143
20.521042084168336,1.504282215623876,0.7871571434491307,-0.9670614745187883
20.60120240480962,1.463116220931649,0.8231905784360385,-0.9282903055528116
20.6813627254509,1.4280239189343689,0.8691696319913278,-0.9970903702560348
20.761523046092183,1.412195909706269,0.8742207814375841,-1.0573914438847516
20.841683366733466,1.4079562360164553,0.8573704891867375,-1.0530756336450442
20.92184368737475,1.4107179056081942,0.852197576634306,-1.0269320088791394
21.00200400801603,1.4234307037325273,0.8542696093860845,-1.0068417208558889
21.082164328657313,1.4459084804679483,0.8447617858553101,-0.9819674567185716
21.162324649298597,1.4704907210473943,0.82584973413231,-0.9586305131140569
21.24248496993988,1.486583295386327,0.8131856117862512,-0.9541536525071652
21.32264529058116,1.486913082782286,0.8139752862986117,-0.9616691670037466
21.402805611222444,1.4722184405888012,0.8253043310515046,-0.9710861638474114
21.482965931863728,1.4506163315213836,0.8405268391182399,-0.988673894228117
21.563126252505008,1.4313288898640821,0.8524048611518211,-1.0141839598679685
21.64328657314629,1.419464101045259,0.8575456594358847,-1.0312725117033426
21.723446893787575,1.4166275122171856,0.8574815648149253,-1.028881625659598
21.803607214428858,1.4233321767645346,0.8536313402001348,-1.0128030494784672
21.883767535070138,1.4382674169404952,0.8453901776319885,-0.994318328093903
21.96392785571142,1.4565031325781628,0.8338757843035578,-0.9786884218686243
22.044088176352705,1.4708694626967866,0.824170879764434,-0.9677668041477703
22.12424849699399,1.475923081959128,0.8214703637302075,-0.9644597866102205
22.20440881763527,1.470721662365857,0.8262336568403695,-0.9704713484487789
22.284569138276552,1.4584324011419785,0.8348043285472211,-0.9841911889849062
22.364729458917836,1.4439715437329583,0.8433600285337278,-1.0010897219699022
22.444889779559116,1.43188300072139,0.8498399660793341,-1.0146067255757487
22.5250501002004,1.4254736445799459,0.8532263297730092,-1.0190963413384788
22.605210420841683,1.426543164139236,0.8525839092733953,-1.0136132326835376
22.685370741482966,1.4348040698249838,0.8475214635877044,-1.001984933438315
22.765531062124246,1.4473615078165016,0.8394177210738454,-0.9891705833288098
22.84569138276553,1.4594478039668064,0.8315652688157575,-0.9786580948646078
22.925851703406813,1.4665891864818414,0.8273909357390301,-0.9728822617725047
23.006012024048097,1.466678966976343,0.8282260014531891,-0.9736457053389967
23.086172344689377,1.4605026510310042,0.832838240112799,-0.9810806864644034
23.16633266533066,1.4507966752982302,0.8388933287948735,-0.9926803707362795
23.246492985971944,1.4408833120529452,0.8444964562994702,-1.0039334652180802
23.326653306613224,1.4337550466666853,0.8484257999699614,-1.010460078422458
23.406813627254508,1.4315251521180767,0.8496823257763312,-1.0102651623711758
23.48697394789579,1.4348749117220445,0.8476077459842634,-1.0043357493599223
23.567134268537075,1.442574798334572,0.8426483353260663,-0.9954619155933054
23.647294589178355,1.4517193863411437,0.8366973410808248,-0.9866229732081777
23.727454909819638,1.4589088946273223,0.8322503045904958,-0.980292718215014
23.80761523046092,1.4617376853308208,0.830958282881487,-0.9782742968794433
23.887775551102205,1.4596698620930788,0.8328347354904018,-0.9812654887694764
23.967935871743485,1.4539040707854713,0.8366772669790109,-0.9882975908233728
24.04809619238477,1.4466224632642652,0.8410163793483225,-0.9967472668880103
24.128256513026052,1.4401929243980103,0.8446585994404792,-1.0033750228155696
24.208416833667332,1.436585524727262,0.8466792097586245,-1.0058641537284756
24.288577154308616,1.4368886415821511,0.8464205161759374,-1.003791344266125
24.3687374749499,1.4409099431343162,0.843832605642876,-0.9984276807388046
24.448897795591183,1.4471198747490885,0.8398117603062518,-0.9918318856612647
24.529058116232463,1.4532027382407247,0.8359603868447688,-0.9860776916299161
24.609218436873746,1.4570145179053806,0.8337781317501535,-0.9828563963700613
24.68937875751503,1.4574335494400106,0.833891207792445,-0.983136301674593
24.769539078156313,1.454637428997085,0.835927247033541,-0.9867982135450095
24.849699398797593,1.449830977446373,0.8389504993947471,-0.9924995539908853
24.929859719438877,1.4447022483014917,0.8419632409683883,-0.998098336415316
25.01002004008016,1.4408974198481557,0.8441265495599947,-1.0015632852297986
25.09018036072144,1.4395841069323896,0.8448209841093853,-1.001854420233693
25.170340681362724,1.4411159790423476,0.8437900103805611,-0.9992056416677313
25.250501002004007,1.444861647955618,0.8413662614460997,-0.9947957620816216
25.33066132264529,1.4494135483086261,0.8384636922443477,-0.9901629487024207
25.41082164328657,1.4531309450917769,0.8362041126011995,-0.9867516196718228
25.490981963927855,1.4547886141257313,0.835373096287517,-0.9855873996707114
25.571142284569138,1.4539975726392116,0.8361002625675594,-0.9869920021379899
25.651302605210418,1.451229498873228,0.8379442756586495,-0.9904225808320231
25.7314629258517,1.4475410929330557,0.8401991336819836,-0.9946021240583728
25.811623246492985,1.4441833524552707,0.8421590838524469,-0.998001438247864
25.89178356713427,1.4422246702301025,0.8432546953405019,-0.9994764603099826
25.97194388777555,1.4422459944043853,0.8431551930250756,-0.9986901814383773
26.052104208416832,1.4441555717851424,0.8418963176979042,-0.9961214971931094
26.132264529058116,1.4472106776422504,0.8399384041649446,-0.9927606043535923
26.2124248496994,1.4502919964354288,0.8380215463138672,-0.9897314690099058
26.29258517034068,1.4523358565406543,0.8368432081669523,-0.9879776955577749
26.372745490981963,1.452724039471076,0.8367556641090511,-0.9880150317932522
26.452905811623246,1.4514565659836014,0.8376722719080277,-0.9897688618011949
26.533066132264526,1.449081072677373,0.8391854621631827,-0.9925708414893986
26.61322645290581,1.4464520339433322,0.8407674912910549,-0.9953920520251723
26.693386773547093,1.444441930730069,0.841928224304191,-0.9972447030408607
26.773547094188377,1.4436773846901798,0.8423218869900737,-0.9975629377340824
26.853707414829657,1.4443527124537543,0.8418372419377981,-0.9963687530024561
26.93386773547094,1.4461680312313507,0.8406589047983791,-0.9941861005468454
27.014028056112224,1.4484413128240523,0.8392263762718306,-0.9917986087332608
27.094188376753507,1.4503662777634911,0.8380650620271407,-0.9899875844185575
27.174348697394787,1.451310593343584,0.8375666399637914,-0.9893103785531923
27.25450901803607,1.4510280278802496,0.8378434642842707,-0.9899396005359457
27.334669338677354,1.4497038770138222,0.8387281918934373,-0.9916065867423841
27.414829659318634,1.4478502529804516,0.8398791892377074,-0.9936887023714609
27.494989979959918,1.4461105528701645,0.8409125134103941,-0.9954427952803006
27.5751503006012,1.445050086449544,0.8415084782009788,-0.9962873188658363
27.655310621242485,1.444984626364005,0.8414915514171366,-0.9960032994592976
27.735470941883765,1.445882878999059,0.8408880637907188,-0.9947760539526068
27.81563126252505,1.447388262636944,0.8399268109961882,-0.9930820980977036
27.895791583166332,1.44895293691988,0.8389613151677137,-0.9915060494978962
27.975951903807616,1.4500414715572036,0.8383302103103402,-0.9905544081970173
28.056112224448896,1.4503184982596509,0.8382264367979819,-0.9905076976414373
28.13627254509018,1.4497490195550051,0.8386398809263925,-0.9913369627673142
28.216432865731463,1.448582034290528,0.8393893766652114,-0.9927176217809415
28.296593186372743,1.4472437448132978,0.8402058403462241,-0.9941470822974524
28.376753507014026,1.4461869991668357,0.8408228743008915,-0.9951327505983772
28.45691382765531,1.445746498749722,0.8410509248782939,-0.9953689867799573
28.537074148296593,1.4460328829704945,0.8408329103793134,-0.9948335854261299
28.617234468937873,1.4469102975811166,0.8402604231903338,-0.9937606922576673
28.697394789579157,1.4480475117377063,0.8395469726535049,-0.9925420752517019
28.77755511022044,1.4490436140809395,0.8389474510773179,-0.991586886048116
28.857715430861724,1.4495700224925276,0.8386617874434702,-0.9911955697917622
28.937875751503004,1.4494830459595691,0.8387624382168114,-0.9914662583116418
29.018036072144287,1.4488534648186957,0.8391850774410162,-0.9922735129773589
29.09819639278557,1.4479272644664138,0.8397655366049589,-0.9933141523450495
29.17835671342685,1.4470308253166273,0.8403037466990478,-0.9942201351983279
29.258517034068134,1.4464598417787835,0.8406271575124898,-0.9946923461112391
29.338677354709418,1.4463851892937165,0.8406408797072328,-0.9946015847152542
29.4188376753507,1.4468034281150846,0.840355089216904,-0.9940181058404004
29.49899799599198,1.4475447101575134,0.8398815145358559,-0.9931705209869015
29.579158316633265,1.4483392262833727,0.8393925308767326,-0.9923564960891891
29.65931863727455,1.4489156244626942,0.8390567038991236,-0.9918427643952273
29.739478957915832,1.4490943447201807,0.8389778048890157,-0.9917822386336733
29.819639278557112,1.448841951962535,0.8391634531246297,-0.9921699576875426
29.899799599198396,1.4482716111664533,0.8395319639973883,-0.9928500446731019
29.97995991983968,1.4475939833722669,0.8399488965700159,-0.993575204825983
30.06012024048096,1.4343206403514563,0.8366924392860476,-0.942809115892262
30.140280561122243,1.3931929646658112,0.8559971480349834,-0.905889785007123
30.220440881763526,1.3523690613885793,0.8945579597308839,-1.0164187941448484
30.30060120240481,1.3154371211964513,0.9061355194698407,-1.0599750733843094
30.38076152304609,1.286006745370614,0.9138632745100823,-1.0272341175136837
30.460921843687373,1.2816417485752707,0.9275283765911614,-1.0310238474008229
30.541082164328657,1.3057843713661261,0.9184225002104665,-1.02943498595806
30.62124248496994,1.345345267198917,0.8845780794741616,-0.9805398074133126
30.70140280561122,1.3858960125236415,0.8557283716473876,-0.9518719173498503
30.781563126252504,1.4123522245587061,0.8437846082892915,-0.9520780655707736
30.861723446893787,1.4143469026232682,0.8455028506066107,-0.9427962749212906
30.941883767535067,1.3954992460228837,0.8605925651745447,-0.9496299317748986
31.02204408817635,1.366983965645241,0.8795385195735761,-0.9848275171097993
31.102204408817634,1.3373101975582433,0.8931992769879654,-1.01403893086742
31.182364729458918,1.3136664476643842,0.9042892288635075,-1.0253507535658237
31.262525050100198,1.3038357426337446,0.9123459514525677,-1.0266185688219835
31.34268537074148,1.3119271009262485,0.9096112555829902,-1.0156764143434487
31.422845691382765,1.335159713025106,0.8939531160671914,-0.9943376295745412
31.50300601202405,1.3644711299046959,0.873421805045751,-0.9749841183142951
31.58316633266533,1.3879470610749725,0.8584187956053901,-0.96221866991295
31.663326653306612,1.3969063668055832,0.8549031537592005,-0.9553898463997779
31.743486973947896,1.3902366750866006,0.8620894518625088,-0.9596149813780935
31.823647294589176,1.3728257446586265,0.8740375792396102,-0.9761249551821268
31.90380761523046,1.3513489884135832,0.8855724268198422,-0.9964303194139457
31.983967935871743,1.3321481765418561,0.8952675560675096,-1.0113873362324644
32.06412825651302,1.320821041310042,0.9019894998405015,-1.0164988032713083
32.144288577154306,1.3211676560961214,0.9026793661289498,-1.0113689278825697
32.22444889779559,1.333275187960515,0.8953338602315059,-0.999293614545367
32.30460921843687,1.352532400932668,0.8823772154891492,-0.9852664914634164
32.38476953907816,1.371218187868776,0.8699610513240404,-0.9732544426669527
32.46492985971944,1.3822586889840458,0.8637891164096247,-0.966149847658262
32.54509018036072,1.3825349134084777,0.8653997350276789,-0.9664134915552874
32.625250501002,1.373414610274795,0.8722816055814748,-0.9746116383425316
32.705410821643284,1.3590218220999841,0.8808767835923625,-0.9877440312257489
32.78557114228457,1.3442246772400142,0.8888422844978677,-1.0002383195499258
32.86573146292585,1.3335015448210723,0.8947372512841687,-1.0071447982494848
32.945891783567134,1.3301727966876515,0.8968920751568308,-1.006681178380731
33.02605210420842,1.3353495796463037,0.8938901359343995,-1.0002140211268336
33.1062124248497,1.347047943499853,0.8863145765650138,-0.9906511622966576
33.18637274549098,1.360681942044289,0.877337539749342,-0.9811024012273504
33.26653306613226,1.3710585214932591,0.8709906429752958,-0.9743270832825073
33.346693386773545,1.3747192691366805,0.8695905394694348,-0.9723446662554305
33.42685370741483,1.3711464267082016,0.8727429756625684,-0.9759022416061243
33.50701402805611,1.3623544668548817,0.8784298663975488,-0.9838345173562824
33.587174348697395,1.3516600918896395,0.8845657224021259,-0.9930096386455125
33.66733466933868,1.3425387759501812,0.8896085899184405,-0.9997468696198574
33.747494989979955,1.3378225306106448,0.8922911048121064,-1.0017879024374077
33.82765531062124,1.3389648360976039,0.8916029386132174,-0.9990632331162805
33.90781563126252,1.3454221256496357,0.8875025528958245,-0.9930944679547087
33.987975951903806,1.3546692164321672,0.8815127276099536,-0.986078818890342
34.06813627254509,1.3631878792769037,0.8761683341198577,-0.9802319091604639
34.14829659318637,1.3679742574648837,0.8735759676218109,-0.9773114264424517
34.22845691382766,1.3677048639047764,0.8743363363927353,-0.9782147915711911
34.30861723446893,1.3629850269791568,0.8776191553011871,-0.9826148507764786
34.38877755511022,1.3557888492681065,0.8819840832988889,-0.9888428935552803
34.4689378757515,1.3486295405105788,0.8860676221782952,-0.9944611157047847
34.549098196392784,1.3438145021707069,0.8887677559940917,-0.9974334779690691
34.62925851703407,1.3428290820727022,0.8892681377202004,-0.997001329277403
34.70941883767535,1.3458653563168554,0.8873173730930876,-0.9937063466944587
34.789579158316634,1.3516928558808816,0.8835815438847359,-0.9889130949248514
34.86973947895792,1.358085389326799,0.8795498642115216,-0.9842624531756131
34.949899799599194,1.3627314700289177,0.876817359395328,-0.9812151732338035
35.03006012024048,1.3641483369225211,0.8762766516439521,-0.9806936487160837
35.11022044088176,1.3621395876060152,0.8778276104766852,-0.9828117489621944
35.190380761523045,1.3576865565565488,0.8806625816920699,-0.9867518133319194
35.27054108216433,1.3524531885559596,0.8837559047298083,-0.9910000439649692
35.35070140280561,1.3482027947324648,0.8861770251001367,-0.9939886284199962
35.430861723446895,1.3462899124415202,0.887215962352968,-0.9947642531845063
35.51102204408817,1.3472469588449205,0.8865376355184059,-0.9932870681908252
35.591182364729455,1.3506038632611093,0.8843800097744343,-0.9902721115601915
35.67134268537074,1.3550596663353134,0.8815666425536348,-0.9868299866126375
35.75150300601202,1.3589776267292866,0.8791909462320392,-0.9841003182620397
35.831663326653306,1.3610270698851166,0.8781014807378501,-0.9829350156277734
35.91182364729459,1.360658410865512,0.8785466273725124,-0.9836566080868688
35.99198396793587,1.3581962817115392,0.8801933553311864,-0.9859477505015762
36.07214428857715,1.354631996149213,0.8823732017258606,-0.9889259641686301
36.15230460921843,1.3512261886267618,0.8843606839904931,-0.991484847516955
36.23246492985972,1.3491004936315838,0.8855504793659803,-0.9927498559094871
36.312625250501,1.3488974112964833,0.8855846823156481,-0.9923975816726832
36.392785571142284,1.3505846927957486,0.8844734687572037,-0.9906943176449841
36.47294589178357,1.3534741467639018,0.8826411678236855,-0.9883202628320369
36.55310621242485,1.3564855584889828,0.8807887437867857,-0.9861040580172051
36.633266533066134,1.3585648712595537,0.8795930407451598,-0.9847629520890843
36.71342685370741,1.3590615267312867,0.8794251728031233,-0.9847012443133696
36.793587174348694,1.357935107533185,0.8802353394222093,-0.9858766461351622
36.87374749498998,1.3556900559067822,0.8816540109430503,-0.9878217476585591
36.95390781563126,1.353160056485803,0.8831680603963606,-0.9898079379510145
37.034068136272545,1.3512088209442494,0.8842888227560116,-0.9911349121145004
37.11422845691383,1.350459423611991,0.8846719539718764,-0.99139175586152
37.19438877755511,1.3510934412593416,0.8842182825137077,-0.9905830808693081
37.27454909819639,1.3528147351756161,0.8831134328361006,-0.9890675556884125
37.35470941883767,1.3549619304150542,0.881779347440708,-0.9874030377504176
37.434869739478955,1.3567644164284138,0.8807077772015595,-0.9861512570857794
37.51503006012024,1.357625680089487,0.8802593217037402,-0.9857054331794911
37.59519038076152,1.3573214558628328,0.8805345106968555,-0.9861726483377846
37.675350701402806,1.3560425391531172,0.8813725510752191,-0.9873439718807522
37.75551102204409,1.3542917781376305,0.8824463485981734,-0.9887716823752907
37.835671342685366,1.3526899753952917,0.883388155605021,-0.9899416606971733
37.91583166332665,1.3517668963031726,0.8838984606223473,-0.9904668699224284
37.99599198396793,1.3517933001157327,0.8838289707931755,-0.9902174276367932
38.07615230460922,1.352702525140867,0.8832293248061165,-0.9893391528196701
38.1563126252505,1.3541279987111814,0.8823337415899069,-0.988174551655962
38.236472945891784,1.3555453304665925,0.8814749953604711,-0.9871330630985637
38.31663326653307,1.3564677570063526,0.8809530068020834,-0.9865555037922222
38.39679358717435,1.3566151863949711,0.8809226107119984,-0.9866089391164368
38.47695390781563,1.355993469091896,0.8813526727556643,-0.9872392839866851
38.55711422845691,1.3548691159769044,0.8820596874109905,-0.9881952950662948
38.637274549098194,1.353656868980483,0.8827878910744215,-0.9891255982775269
38.71743486973948,1.3527717818824887,0.8832954389121042,-0.9897104507193502
38.79759519038076,1.3524922993528807,0.883426381414732,-0.9897744463452993
38.877755511022045,1.3528758344982796,0.8831559970877574,-0.9893348591548959
38.95791583166333,1.353749290755228,0.8825983583647994,-0.9885780478280718
39.038076152304605,1.3547814181126312,0.8819639211856823,-0.9877812206913932
39.11823647294589,1.3556075958323186,0.8814791093381855,-0.9872148667218271
39.19839679358717,1.3559591583700208,0.8813015221638456,-0.9870556608746612
39.278557114228455,1.355750089589024,0.8814679219040066,-0.9873327917043826
39.35871743486974,1.3550911723886636,0.8818944273400313,-0.9879250004100258
39.43887775551102,1.354237351122445,0.8824178978464632,-0.9886085581877612
39.519038076152306,1.3534906231584989,0.8828570600042048,-0.9891421338655227
39.59919839679358,1.3530968631724756,0.8830705932860321,-0.9893530969408505
39.679358717434866,1.3531672550683322,0.882999605243121,-0.989192703192218
39.75951903807615,1.3536477839788192,0.8826845401637728,-0.9887426927749651
39.83967935871743,1.3543476535500594,0.8822481518429286,-0.9881757386754331
39.91983967935872,1.3550127400941332,0.8818492468959324,-0.9876911395750188
40.0,1.3554178985581429,0.88162329810416,-0.9874472427448571
