k3,k4,l10,l20,RMSE_theta_1,RMSE_theta_2,MAE_theta_1,MAE_theta_2,MaxAE_theta_1,MaxAE_theta_2
325.6672485202838,376.4797169818147,0.1812323236001222,0.23292406739868274,0.0012074445157198774,0.005062541623154537,0.0009360965607753599,0.004374945387866138,0.005421275903911393,0.018362384578428648
171.16963653310899,355.3962324108564,0.15742864460687506,0.27655727287445225,0.0012074445157198774,0.005062541623154537,0.0009360965607753599,0.004374945387866138,0.005421275903911393,0.018362384578428648
296.955065567609,177.0506521693376,0.1655597464656767,0.20400132843678703,0.0012074445157198774,0.005062541623154537,0.0009360965607753599,0.004374945387866138,0.005421275903911393,0.018362384578428648
417.0363675850283,415.6138533662906,0.1410364659707915,0.27518013279531933,0.0012074445157198774,0.005062541623154537,0.0009360965607753599,0.004374945387866138,0.005421275903911393,0.018362384578428648
417.0966517637297,254.64642326523344,0.17586786051438003,0.25693638756518494,0.0012074445157198774,0.005062541623154537,0.0009360965607753599,0.004374945387866138,0.005421275903911393,0.018362384578428648
216.4407206150384,383.23739432401067,0.18898433935812017,0.29760933197072137,0.0012074445157198774,0.005062541623154537,0.0009360965607753599,0.004374945387866138,0.005421275903911393,0.018362384578428648
334.3800854340732,376.63031213769546,0.19919501080762442,0.23178148163453763,0.0012074445157198774,0.005062541623154537,0.0009360965607753599,0.004374945387866138,0.005421275903911393,0.018362384578428648
364.6282929826114,264.5249599722735,0.1877191840072353,0.22614624963877578,0.0012074445157198774,0.005062541623154537,0.0009360965607753599,0.004374945387866138,0.005421275903911393,0.018362384578428648
229.66469281857133,202.94530221651817,0.16231188996743184,0.23040415065769584,0.0012074445157198774,0.005062541623154537,0.0009360965607753599,0.004374945387866138,0.005421275903911393,0.018362384578428648
367.3892319869992,308.3479299049267,0.14946858555218392,0.22336381369907496,0.0012074445157198774,0.005062541623154537,0.0009360965607753599,0.004374945387866138,0.005421275903911393,0.018362384578428648
185.0068675326058,163.89196689216595,0.18432130555551413,0.28344674807955034,0.0012074445157198774,0.005062541623154537,0.0009360965607753599,0.004374945387866138,0.005421275903911393,0.018362384578428648
226.6645541481412,471.34485568574405,0.18118401064627593,0.2656531563893863,0.0012074445157198774,0.005062541623154537,0.0009360965607753599,0.004374945387866138,0.005421275903911393,0.018362384578428648
383.6212030302651,227.81070197438487,0.16852942385511735,0.2948850820385111,0.0012074445157198774,0.005062541623154537,0.0009360965607753599,0.004374945387866138,0.005421275903911393,0.018362384578428648
474.0017105561295,409.20353656684426,0.17370916353553953,0.27638325651500867,0.0012074445157198774,0.005062541623154537,0.0009360965607753599,0.004374945387866138,0.005421275903911393,0.018362384578428648
231.98118285331873,254.98160393998134,0.14305221407037927,0.20940459425342234,0.0012074445157198774,0.005062541623154537,0.0009360965607753599,0.004374945387866138,0.005421275903911393,0.018362384578428648
279.57876266705165,340.28886286145524,0.154908257910034,0.2553612250736649,0.0012074445157198774,0.005062541623154537,0.0009360965607753599,0.004374945387866138,0.005421275903911393,0.018362384578428648
365.9191681072534,434.99883625663045,0.15071619243179782,0.2245644523020953,0.0012074445157198774,0.005062541623154537,0.0009360965607753599,0.004374945387866138,0.005421275903911393,0.018362384578428648
305.5958179537711,456.584404362851,0.18790991704071824,0.2740699340149642,0.0012074445157198774,0.005062541623154537,0.0009360965607753599,0.004374945387866138,0.005421275903911393,0.018362384578428648
354.75486833617555,279.9767945603111,0.15240379471256077,0.2983800686296784,0.0012074445157198774,0.005062541623154537,0.0009360965607753599,0.004374945387866138,0.005421275903911393,0.018362384578428648
201.92426837726543,184.14915075087788,0.18561260215331082,0.264607740491404,0.0012074445157198774,0.005062541623154537,0.0009360965607753599,0.004374945387866138,0.005421275903911393,0.018362384578428648
315.5404759180943,381.54119900813293,0.14978861650941083,0.2819019304868244,0.0012074445157198774,0.005062541623154537,0.0009360965607753599,0.004374945387866138,0.005421275903911393,0.018362384578428648
211.23753490555993,348.8834862690226,0.18023017042004716,0.2806696010740699,0.0012074445157198774,0.005062541623154537,0.0009360965607753599,0.004374945387866138,0.005421275903911393,0.018362384578428648
451.7059403031295,228.04676322328703,0.18148208420563713,0.2632055144325029,0.0012074445157198774,0.005062541623154537,0.0009360965607753599,0.004374945387866138,0.005421275903911393,0.018362384578428648
314.991079805177,217.18692520048089,0.1619317597975606,0.28782604655979627,0.0012074445157198774,0.005062541623154537,0.0009360965607753599,0.004374945387866138,0.005421275903911393,0.018362384578428648
455.8473991602071,395.92909662871085,0.18654990606012153,0.2187478547563022,0.0012074445157198774,0.005062541623154537,0.0009360965607753599,0.004374945387866138,0.005421275903911393,0.018362384578428648
274.72860124887,410.50094758173566,0.16786157406825933,0.22420656549731793,0.0012074445157198774,0.005062541623154537,0.0009360965607753599,0.004374945387866138,0.005421275903911393,0.018362384578428648
212.2038803102486,316.28740346275873,0.1471470415135294,0.21648672523842355,0.0012074445157198774,0.005062541623154537,0.0009360965607753599,0.004374945387866138,0.005421275903911393,0.018362384578428648
455.9116431722515,228.25178291208644,0.18828697263540317,0.29004757109155815,0.0012074445157198774,0.005062541623154537,0.0009360965607753599,0.004374945387866138,0.005421275903911393,0.018362384578428648
242.56336351018308,457.62975640992533,0.20372344218550817,0.22220499446434708,0.0012074445157198774,0.005062541623154537,0.0009360965607753599,0.004374945387866138,0.005421275903911393,0.018362384578428648
418.08239847906833,258.1112533628314,0.1747162571927514,0.2759763101622155,0.0012074445157198774,0.005062541623154537,0.0009360965607753599,0.004374945387866138,0.005421275903911393,0.018362384578428648
265.68354375686937,449.207847283104,0.15199756406327328,0.25310056010518833,0.0012074445157198774,0.005062541623154537,0.0009360965607753599,0.004374945387866138,0.005421275903911393,0.018362384578428648
287.1630260261903,236.78935284486133,0.19311562716763336,0.21173233312101755,0.0012074445157198774,0.005062541623154537,0.0009360965607753599,0.004374945387866138,0.005421275903911393,0.018362384578428648
405.8687766722139,388.46294738464815,0.17635095499511017,0.3020151395858056,0.0012074445157198774,0.005062541623154537,0.0009360965607753599,0.004374945387866138,0.005421275903911393,0.018362384578428648
374.44969666288455,449.5686562388559,0.1747288771836579,0.2297255917998935,0.0012074445157198774,0.005062541623154537,0.0009360965607753599,0.004374945387866138,0.005421275903911393,0.018362384578428648
401.47912911953927,324.24763972683377,0.1754913323427519,0.2688209705211824,0.0012074445157198774,0.005062541623154537,0.0009360965607753599,0.004374945387866138,0.005421275903911393,0.018362384578428648
466.37978173935204,173.2490069954314,0.19806412495418219,0.23212319698425213,0.0012074445157198774,0.005062541623154537,0.0009360965607753599,0.004374945387866138,0.005421275903911393,0.018362384578428648
443.89006348228816,353.23580056714803,0.19040961840663256,0.2825211035273111,0.0012074445157198774,0.005062541623154537,0.0009360965607753599,0.004374945387866138,0.005421275903911393,0.018362384578428648
245.20095297860098,370.7220071350922,0.1538893534719589,0.22841332526986594,0.0012074445157198774,0.005062541623154537,0.0009360965607753599,0.004374945387866138,0.005421275903911393,0.018362384578428648
371.8879825358225,419.23155332785626,0.184941358306842,0.23753684307695597,0.0012074445157198774,0.005062541623154537,0.0009360965607753599,0.004374945387866138,0.005421275903911393,0.018362384578428648
363.5357746660293,184.12027240902185,0.16480484395696313,0.20618568055019038,0.0012074445157198774,0.005062541623154537,0.0009360965607753599,0.004374945387866138,0.005421275903911393,0.018362384578428648
238.97823134475368,193.03640690262492,0.17920058607119244,0.2698507910286291,0.0012074445157198774,0.005062541623154537,0.0009360965607753599,0.004374945387866138,0.005421275903911393,0.018362384578428648
304.3419622582938,295.0772734123632,0.15511881563292498,0.21650167149075136,0.0012074445157198774,0.005062541623154537,0.0009360965607753599,0.004374945387866138,0.005421275903911393,0.018362384578428648
435.3265950861489,224.15908540643352,0.20634352323085906,0.21809026166491702,0.0012074445157198774,0.005062541623154537,0.0009360965607753599,0.004374945387866138,0.005421275903911393,0.018362384578428648
254.16985838471376,351.5332938757935,0.1788446306455769,0.2976474172641974,0.0012074445157198774,0.005062541623154537,0.0009360965607753599,0.004374945387866138,0.005421275903911393,0.018362384578428648
403.71489060767743,312.4498211935773,0.15845728145902657,0.2220963583488979,0.0012074445157198774,0.005062541623154537,0.0009360965607753599,0.004374945387866138,0.005421275903911393,0.018362384578428648
336.743481499673,275.7314261875454,0.1476479068955672,0.234833026446804,0.0012074445157198774,0.005062541623154537,0.0009360965607753599,0.004374945387866138,0.005421275903911393,0.018362384578428648
213.30681405956673,363.9662327638587,0.1721014247933181,0.20635667814593392,0.0012074445157198774,0.005062541623154537,0.0009360965607753599,0.004374945387866138,0.005421275903911393,0.018362384578428648
462.36138148472804,430.60250319586595,0.1852350303720387,0.2349947003822237,0.0012074445157198774,0.005062541623154537,0.0009360965607753599,0.004374945387866138,0.005421275903911393,0.018362384578428648
218.9262790299227,234.06973719305603,0.19649703712246014,0.21344871064682264,0.0012074445157198774,0.005062541623154537,0.0009360965607753599,0.004374945387866138,0.005421275903911393,0.018362384578428648
468.9923632996686,264.82372313802705,0.17020094247843387,0.24135452811469754,0.0012074445157198774,0.005062541623154537,0.0009360965607753599,0.004374945387866138,0.005421275903911393,0.018362384578428648
184.49800101088715,335.6550487680687,0.1908288386756409,0.2725810645537774,0.0012074445157198774,0.005062541623154537,0.0009360965607753599,0.004374945387866138,0.005421275903911393,0.018362384578428648
187.5954855060965,220.762008173153,0.1586745449918457,0.28221749487866815,0.0012074445157198774,0.005062541623154537,0.0009360965607753599,0.004374945387866138,0.005421275903911393,0.018362384578428648
346.9592727082436,315.4977199467993,0.18645800891839345,0.26679861932592663,0.0012074445157198774,0.005062541623154537,0.0009360965607753599,0.004374945387866138,0.005421275903911393,0.018362384578428648
458.56646496534006,319.54721229076983,0.17779413313839132,0.24902687329958573,0.0012074445157198774,0.005062541623154537,0.0009360965607753599,0.004374945387866138,0.005421275903911393,0.018362384578428648
309.36575211739773,275.26181797153976,0.18477129260101277,0.22138317379311623,0.0012074445157198774,0.005062541623154537,0.0009360965607753599,0.004374945387866138,0.005421275903911393,0.018362384578428648
371.10866097884303,207.12274379507943,0.151860280670253,0.2066637021235347,0.0012074445157198774,0.005062541623154537,0.0009360965607753599,0.004374945387866138,0.005421275903911393,0.018362384578428648
256.32247691994263,281.8333201724639,0.2051110031219321,0.26487513847766886,0.0012074445157198774,0.005062541623154537,0.0009360965607753599,0.004374945387866138,0.005421275903911393,0.018362384578428648
255.946752393138,177.92515115370517,0.1785823674629639,0.2296026100251073,0.0012074445157198774,0.005062541623154537,0.0009360965607753599,0.004374945387866138,0.005421275903911393,0.018362384578428648
426.0357772580818,212.29863083656244,0.18526424698947888,0.21421255894796157,0.0012074445157198774,0.005062541623154537,0.0009360965607753599,0.004374945387866138,0.005421275903911393,0.018362384578428648
338.35092276936643,228.1915330159641,0.17915868556099512,0.21847165212797676,0.0012074445157198774,0.005062541623154537,0.0009360965607753599,0.004374945387866138,0.005421275903911393,0.018362384578428648
354.205491071252,324.9790413149301,0.1589589040315922,0.22125859098245668,0.0012074445157198774,0.005062541623154537,0.0009360965607753599,0.004374945387866138,0.005421275903911393,0.018362384578428648
199.64071397462274,184.36172726951585,0.17785651999763955,0.27623686932544833,0.0012074445157198774,0.005062541623154537,0.0009360965607753599,0.004374945387866138,0.005421275903911393,0.018362384578428648
177.52914062371022,330.74080928612943,0.18954144359685932,0.24277452601489383,0.0012074445157198774,0.005062541623154537,0.0009360965607753599,0.004374945387866138,0.005421275903911393,0.018362384578428648
351.208005062684,412.51724644358666,0.2040209322527092,0.26364930783071044,0.0012074445157198774,0.005062541623154537,0.0009360965607753599,0.004374945387866138,0.005421275903911393,0.018362384578428648
413.2645168007748,270.62188633487216,0.1883207307616247,0.22242496813923646,0.0012074445157198774,0.005062541623154537,0.0009360965607753599,0.004374945387866138,0.005421275903911393,0.018362384578428648
230.5928841705842,231.24789209833207,0.1771306371662995,0.206121759098189,0.0012074445157198774,0.005062541623154537,0.0009360965607753599,0.004374945387866138,0.005421275903911393,0.018362384578428648
247.37887280948937,206.68891265022106,0.1981804916805404,0.30075365653314656,0.0012074445157198774,0.005062541623154537,0.0009360965607753599,0.004374945387866138,0.005421275903911393,0.018362384578428648
200.39799765383256,424.44131216151146,0.1646776446249489,0.2643989154357549,0.0012074445157198774,0.005062541623154537,0.0009360965607753599,0.004374945387866138,0.005421275903911393,0.018362384578428648
170.95554417091773,429.3318145250031,0.15304065878539624,0.22246152785102213,0.0012074445157198774,0.005062541623154537,0.0009360965607753599,0.004374945387866138,0.005421275903911393,0.018362384578428648
319.7546091671643,349.7022933602031,0.1548686779348484,0.2220534019291708,0.0012074445157198774,0.005062541623154537,0.0009360965607753599,0.004374945387866138,0.005421275903911393,0.018362384578428648
244.18312331625293,178.10909128150968,0.20147441127285132,0.2846547955182387,0.0012074445157198774,0.005062541623154537,0.0009360965607753599,0.004374945387866138,0.005421275903911393,0.018362384578428648
465.496976782026,428.9496485591608,0.2072590062153611,0.23624574088017292,0.0012074445157198774,0.005062541623154537,0.0009360965607753599,0.004374945387866138,0.005421275903911393,0.018362384578428648
390.936992313388,179.65470028096067,0.17318394855288,0.20556652747734444,0.0012074445157198774,0.005062541623154537,0.0009360965607753599,0.004374945387866138,0.005421275903911393,0.018362384578428648
196.1246679492521,177.7943220684636,0.19732970185219312,0.25978369431105425,0.0012074445157198774,0.005062541623154537,0.0009360965607753599,0.004374945387866138,0.005421275903911393,0.018362384578428648
387.53499112291433,455.5662662813274,0.1507042056289964,0.2448484545525268,0.0012074445157198774,0.005062541623154537,0.0009360965607753599,0.004374945387866138,0.005421275903911393,0.018362384578428648
248.69323127179933,255.7567286634319,0.14890167581828948,0.21484927797235273,0.0012074445157198774,0.005062541623154537,0.0009360965607753599,0.004374945387866138,0.005421275903911393,0.018362384578428648
437.8547213851469,323.39091334714243,0.20850288583899687,0.21995680287011207,0.0012074445157198774,0.005062541623154537,0.0009360965607753599,0.004374945387866138,0.005421275903911393,0.018362384578428648
433.17541516387234,259.27996988275993,0.16152130913073046,0.2553809845622685,0.0012074445157198774,0.005062541623154537,0.0009360965607753599,0.004374945387866138,0.005421275903911393,0.018362384578428648
219.6393991623024,169.29124070802942,0.15704941479361512,0.20169364741997367,0.0012074445157198774,0.005062541623154537,0.0009360965607753599,0.004374945387866138,0.005421275903911393,0.018362384578428648
245.76953257594064,373.60347872730074,0.1750222282517903,0.2963389665756075,0.0012074445157198774,0.005062541623154537,0.0009360965607753599,0.004374945387866138,0.005421275903911393,0.018362384578428648
362.6764616579584,317.6954162190203,0.18874462814758497,0.25262443623234526,0.0012074445157198774,0.005062541623154537,0.0009360965607753599,0.004374945387866138,0.005421275903911393,0.018362384578428648
275.1676868942126,260.8848757960383,0.18492781199380076,0.2829479761499231,0.0012074445157198774,0.005062541623154537,0.0009360965607753599,0.004374945387866138,0.005421275903911393,0.018362384578428648
392.20726211402837,194.4395783388718,0.19922312615975638,0.28270676537606687,0.0012074445157198774,0.005062541623154537,0.0009360965607753599,0.004374945387866138,0.005421275903911393,0.018362384578428648
227.24829172271328,235.24908332699337,0.2001963970285791,0.24939118236000735,0.0012074445157198774,0.005062541623154537,0.0009360965607753599,0.004374945387866138,0.005421275903911393,0.018362384578428648
448.8151398631091,410.4625864301845,0.2076401986310939,0.2644262465927249,0.0012074445157198774,0.005062541623154537,0.0009360965607753599,0.004374945387866138,0.005421275903911393,0.018362384578428648
197.18543499673257,282.85361058797974,0.1566270402739161,0.2364114074674766,0.0012074445157198774,0.005062541623154537,0.0009360965607753599,0.004374945387866138,0.005421275903911393,0.018362384578428648
210.6028248218495,255.709161923835,0.180380808342764,0.2693997278323236,0.0012074445157198774,0.005062541623154537,0.0009360965607753599,0.004374945387866138,0.005421275903911393,0.018362384578428648
349.4160867881031,361.45494534774764,0.1827440939404909,0.23156841844528292,0.0012074445157198774,0.005062541623154537,0.0009360965607753599,0.004374945387866138,0.005421275903911393,0.018362384578428648
313.267047936732,396.92755140454545,0.18297887131341484,0.23750487301285525,0.0012074445157198774,0.005062541623154537,0.0009360965607753599,0.004374945387866138,0.005421275903911393,0.018362384578428648
376.1602087332372,464.1155744605626,0.18094490886373096,0.3014589306218064,0.0012074445157198774,0.005062541623154537,0.0009360965607753599,0.004374945387866138,0.005421275903911393,0.018362384578428648
402.98372207337286,361.33070866079714,0.2027510379631413,0.22659742733477914,0.0012074445157198774,0.005062541623154537,0.0009360965607753599,0.004374945387866138,0.005421275903911393,0.018362384578428648
368.5080965554108,182.82137434826254,0.19416686510888534,0.24025020588039595,0.0012074445157198774,0.005062541623154537,0.0009360965607753599,0.004374945387866138,0.005421275903911393,0.018362384578428648
280.3323883056295,408.84930545823477,0.1731982277488601,0.2833407976507538,0.0012074445157198774,0.005062541623154537,0.0009360965607753599,0.004374945387866138,0.005421275903911393,0.018362384578428648
364.92318371896033,202.6794681832464,0.14465782709385358,0.21444866380714694,0.0012074445157198774,0.005062541623154537,0.0009360965607753599,0.004374945387866138,0.005421275903911393,0.018362384578428648
463.17490529781594,338.35888128143085,0.19422958775569402,0.2166065262970737,0.0012074445157198774,0.005062541623154537,0.0009360965607753599,0.004374945387866138,0.005421275903911393,0.018362384578428648
238.35201987119848,374.8395342311127,0.20649605480820832,0.23020416688285228,0.0012074445157198774,0.005062541623154537,0.0009360965607753599,0.004374945387866138,0.005421275903911393,0.018362384578428648
322.18394051772117,265.21493184849,0.16764613714241325,0.2711755450098447,0.0012074445157198774,0.005062541623154537,0.0009360965607753599,0.004374945387866138,0.005421275903911393,0.018362384578428648
443.2274056179843,467.5946870566346,0.13975160167961065,0.29218186121488965,0.0012074445157198774,0.005062541623154537,0.0009360965607753599,0.004374945387866138,0.005421275903911393,0.018362384578428648
172.00562880403083,338.02231935412624,0.1474046153564931,0.2759439739616302,0.0012074445157198774,0.005062541623154537,0.0009360965607753599,0.004374945387866138,0.005421275903911393,0.018362384578428648
437.6445915021931,238.70238838230946,0.19592572152764545,0.2743676298806663,0.0012074445157198774,0.005062541623154537,0.0009360965607753599,0.004374945387866138,0.005421275903911393,0.018362384578428648
